SL NO,DATE,DEVICE ID,MSISDN,SIM IMEI NUMBER,SIM TYPE,STATUS,REGION,BRANCH,BR CODE
1,20.02.2025,861657073577012,915755090627159,8991462160511040086,Vodafone (VI),PINGING,MML HUBLI,CHIKERUR,MML0783
2,20.02.2025,861657072355857,915755090627160,8991462160511040094,Vodafone (VI),PINGING,MML HUBLI,RAMGIRI,MML0560
3,20.02.2025,861657073573391,915755090627161,8991462160511040102,Vodafone (VI),PINGING,MML HUBLI,DHARMAPUR,MML0630
4,20.02.2025,861657073561735,915755090643900,8991462160511038650,Vodafone (VI),PINGING,MML HUBLI,YAMANAKANMARDI,MML0550
5,20.02.2025,861657073577137,915755090627157,8991462160511040060,Vodafone (VI),PINGING,MML HUBLI,MARAYAMMANAHALLI,MML0561
6,20.02.2025,861657073577327,915755090643949,8991462160511039146,Vodafone (VI),PINGING,MML HUBLI,KUKNOOR,MML0824
7,20.02.2025,861657072374395,915755090643948,8991462160511039138,Vodafone (VI),NOT PINGING/IN BRANCH,MML HUBLI,YELBURGI,MML0627
8,20.02.2025,861657073557956,915755090643947,8991462160511039120,Vodafone (VI),PINGING,MML HUBLI,KANAKAGIRI,MML0664
9,20.02.2025,861657073573185,915755090643946,8991462160511039112,Vodafone (VI),PINGING,MML HUBLI,HUNNUR,MML0663
10,20.02.2025,861657073572930,915755090643945,8991462160511039104,Vodafone (VI),PINGING,MML HUBLI,BELAGUR,MML0782
11,20.02.2025,861657073557675,915755090643944,8991462160511039096,Vodafone (VI),PINGING,MML HUBLI,SAVALANKA,MML0628
12,20.02.2025,861657072337129,915755090643943,8991462160511039088,Vodafone (VI),PINGING,MML HUBLI,BELAVADI,MML0629
13,20.02.2025,861657073584273,915755090643941,8991462160511039062,Vodafone (VI),PINGING,MML HUBLI,KUDACHI,MML0665
14,20.02.2025,861657073582665,915755090638421,8991462160511038361,Vodafone (VI),PINGING,MML HUBLI,SHINDOLI CROSS SAMBRA ROAD,MML0784
15,20.02.2025,861657073585049,915755090638422,8991462160511038379,Vodafone (VI),PINGING,MML HUBLI,BELLATI,MML0785
16,20.02.2025,861657073557162,915755090638423,8991462160511038387,Vodafone (VI),PINGING,MML BANGALORE,DODDALADAMARA,MML0540
17,20.02.2025,861657073571726,915755090638424,8991462160511038395,Vodafone (VI),PINGING,MML HUBLI,MOKA,MML0832
18,20.02.2025,861657073576659,915755090638425,8991462160511038403,Vodafone (VI),PINGING,MML HUBLI,NALLUR,MML0841
19,20.02.2025,861657072355469,915755090638427,8991462160511038429,Vodafone (VI),PINGING,MML HUBLI,SHAMANUR,MML0924
20,20.02.2025,861657073574555,915755090638426,8991462160511038411,Vodafone (VI),PINGING,MML BANGALORE,DODDALAHALLI,MML0503
21,20.02.2025,861657072355519,915755090638428,8991462160511038437,Vodafone (VI),PINGING,MML BANGALORE,ALIPURA,MML0539
22,20.02.2025,861657073574357,915755090643880,8991462160511038452,Vodafone (VI),PINGING,MML BANGALORE,CHELUR,MML0541
23,20.02.2025,861657072374544,915755090638429,8991462160511038445,Vodafone (VI),PINGING,MML BANGALORE,HOSAKOTE,MML0538
24,20.02.2025,861657072372134,915755090643881,8991462160511038460,Vodafone (VI),PINGING,MML BANGALORE,K.SANACHANDRA,MML0671
25,20.02.2025,861657073585155,915755090643886,8991462160511038510,Vodafone (VI),NOT PINGING/RETURNED TO MITS,MML BANGALORE,MYLASANDRA,MML0632
26,20.02.2025,861657073557238,915755090643884,8991462160511038494,Vodafone (VI),PINGING,MML BANGALORE,SUGGANAHALLI,MML0667
27,20.02.2025,861657073557113,915755090643901,8991462160511038668,Vodafone (VI),PINGING,MML BANGALORE,THATHA GUNI,MML0670
28,20.02.2025,861657073557493,915755090643882,8991462160511038478,Vodafone (VI),PINGING,MML BANGALORE,KADABGERE,MML0668
29,20.02.2025,861657073576055,915755090643890,8991462160511038551,Vodafone (VI),PINGING,MML BANGALORE,TEKAL,MML0712
30,20.02.2025,861657072354967,915755090627166,8991462160511040151,Vodafone (VI),NOT PINGING/RETURNED TO MITS,MML BANGALORE,SUNTRAPALAYA,MML0777
31,20.02.2025,861657073573011,915755090643942,8991462160511039070,Vodafone (VI),PINGING,MML BANGALORE,BIDRAHALLI,MML0776
32,20.02.2025,861657072355600,915755090627165,8991462160511040144,Vodafone (VI),PINGING,MML BANGALORE,DIBBURAHALLI,MML0878
33,20.02.2025,861657072371524,915755090643939,8991462160511039047,Vodafone (VI),PINGING,MML BANGALORE,NANDI CROSS,MML0879
34,20.02.2025,861657073577293,915755090643896,8991462160511038619,Vodafone (VI),PINGING,MML BANGALORE,VEERANYAPALAYA,MML0775
35,20.02.2025,861657073577269,915755090643893,8991462160511038585,Vodafone (VI),PINGING,MML BANGALORE,HORAMAVU AGRA,MML0773
36,20.02.2025,861657072347870,915755090643940,8991462160511039054,Vodafone (VI),PINGING,MML BANGALORE,SULEBELE,MML0774
37,20.02.2025,861657073557485,915755090643895,8991462160511038601,Vodafone (VI),PINGING,MML BANGALORE,KOGILU MAIN ROAD,MML0798
38,20.02.2025,861657072354983,915755090627168,8991462160511040177,Vodafone (VI),PINGING,MML BANGALORE,MARALAVADAI,MML0799
39,20.02.2025,861657072348241,915755090643908,8991462160511038734,Vodafone (VI),PINGING,MML BANGALORE,"JK CROSS CHICKABALAPUR,",MML0885
40,20.02.2025,861657073583226,915755090627162,8991462160511040110,Vodafone (VI),PINGING,MML BANGALORE,KOTTAL DINEE,MML0884
41,20.02.2025,861657073575917,915755090643892,8991462160511038577,Vodafone (VI),PINGING,MML BANGALORE,HINDUPUR-PARIGI ROAD,MML0938
42,20.02.2025,861657073562931,915755090643909,8991462160511038742,Vodafone (VI),PINGING,MML BANGALORE,VOKELERI,MML0928
43,20.02.2025,861657073576832,915755090627163,8991462160511040128,Vodafone (VI),PINGING,MML BANGALORE,TUMKUR GATE,MML0770
44,20.02.2025,861657073584513,915755090627164,8991462160511040136,Vodafone (VI),PINGING,MML BANGALORE,GANGONADAHALLI,MML0926
45,20.02.2025,861657073575511,915755090643898,8991462160511038635,Vodafone (VI),PINGING,MML BANGALORE,RAMAPURA,MML0883
46,20.02.2025,861657072362820,915755090643903,8991462160511038684,Vodafone (VI),PINGING,MML BANGALORE,SEEGEHALLI KR PURAM,MML0927
47,20.02.2025,861657073576626,915755090643904,8991462160511038692,Vodafone (VI),PINGING,MML BANGALORE,MUKANDAPALLI,MML0930
48,20.02.2025,861657072377679,915755090643891,8991462160511038569,Vodafone (VI),PINGING,MML BANGALORE,CHILAMATHUR,MML0947
49,20.02.2025,861657072331619,915755090643897,8991462160511038627,Vodafone (VI),PINGING,MML MANGALORE,SHIMOGA VIDYA NAGAR,MML0567
50,20.02.2025,861657072342020,915755090643894,8991462160511038593,Vodafone (VI),PINGING,MML MANGALORE,RIPPONPET,MML0559
51,20.02.2025,861657073556529,5754090184268,8991950912963793059U,Airtel,PINGING,MML HUBLI,RAMGIRI,MML0560
52,20.02.2025,861657073558004,5754090184244,8991950912963793035U,Airtel,PINGING,MML HUBLI,DHARMAPUR,MML0630
53,20.02.2025,861657073585163,5754090184267,8991950912963793058U,Airtel,PINGING,MML HUBLI,YAMANAKANMARDI,MML0550
54,20.02.2025,861657073573334,5754090184220,8991950912963793011U,Airtel,PINGING,MML HUBLI,MARAYAMMANAHALLI,MML0561
55,20.02.2025,861657073576022,5754090184269,8991950912963793060U,Airtel,NOT PINGING/RETURNED TO MITS,MML HUBLI,YELBURGI,MML0627
56,20.02.2025,861657073557030,5754090184262,8991950912963793053U,Airtel,PINGING,MML HUBLI,KANAKAGIRI,MML0664
57,20.02.2025,861657073576139,5754090184234,8991950912963793025U,Airtel,PINGING,MML HUBLI,HUNNUR,MML0663
58,20.02.2025,861657073562923,5754090184265,8991950912963793056U,Airtel,PINGING,MML HUBLI,BELAGUR,MML0782
59,20.02.2025,861657073576923,5754090184232,8991950912963793023U,Airtel,PINGING,MML HUBLI,CHIKERUR,MML0783
60,20.02.2025,861657072377216,5754090184233,8991950912963793024U,Airtel,PINGING,MML HUBLI,KUKNOOR,MML0824
61,20.02.2025,861657073575032,5754090184231,8991950912963793022U,Airtel,NOT PINGING/RETURNED TO MITS,MML HUBLI,MOKA,MML0832
62,20.02.2025,861657073576774,5754090184230,8991950912963793021U,Airtel,PINGING,MML HUBLI,NALLUR,MML0841
63,20.02.2025,861657072374353,5754090184264,8991950912963793055U,Airtel,PINGING,MML HUBLI,SHAMANUR,MML0924
64,20.02.2025,861657073573177,5754090184263,8991950912963793054U,Airtel,PINGING,MML BANGALORE,DODDALADAMARA,MML0540
65,20.02.2025,861657072377950,5754090184229,8991950912963793020U,Airtel,PINGING,MML BANGALORE,DODDALAHALLI,MML0503
66,20.02.2025,861657073574647,5754090184228,8991950912963793019U,Airtel,PINGING,MML HUBLI,SAVALANKA,MML0628
67,20.02.2025,861657073573565,5754090184227,8991950912963793018U,Airtel,PINGING,MML HUBLI,BELAVADI,MML0629
68,20.02.2025,861657073573219,5754090184226,8991950912963793017U,Airtel,PINGING,MML HUBLI,KUDACHI,MML0665
69,20.02.2025,861657073576683,5754090184225,8991950912963793016U,Airtel,PINGING,MML HUBLI,SHINDOLI CROSS SAMBRA ROAD,MML0784
70,20.02.2025,861657072348092,5754090184224,8991950912963793015U,Airtel,PINGING,MML HUBLI,BELLATI,MML0785
71,20.02.2025,861657072356194,5754090184223,8991950912963793014U,Airtel,PINGING,MML BANGALORE,ALIPURA,MML0539
72,20.02.2025,861657072355832,5754090184222,8991950912963793013U,Airtel,PINGING,MML BANGALORE,CHELUR,MML0541
73,20.02.2025,861657072355618,5754090184221,8991950912963793012U,Airtel,PINGING,MML BANGALORE,HOSAKOTE,MML0538
74,20.02.2025,861657072373199,5754090184266,8991950912963793057U,Airtel,PINGING,MML BANGALORE,K.SANACHANDRA,MML0671
75,20.02.2025,861657073584182,5754090184261,8991950912963793052U,Airtel,PINGING,MML BANGALORE,MYLASANDRA,MML0632
76,20.02.2025,861657073585072,5754090184260,8991950912963793051U,Airtel,PINGING,MML BANGALORE,SUGGANAHALLI,MML0667
77,20.02.2025,861657073557501,5754090184259,8991950912963793050U,Airtel,PINGING,MML BANGALORE,THATHA GUNI,MML0670
78,20.02.2025,861657073557428,5754090184258,8991950912963793049U,Airtel,PINGING,MML BANGALORE,KADABGERE,MML0668
79,20.02.2025,862211074187691,5754090184257,8991950912963793048U,Airtel,PINGING,MML BANGALORE,TEKAL,MML0712
80,20.02.2025,864180055857051,5754090184256,8991950912963793047U,Airtel,PINGING,MML BANGALORE,SUNTRAPALAYA,MML0777
81,20.02.2025,861657073557907,5754090184255,8991950912963793046U,Airtel,PINGING,MML BANGALORE,BIDRAHALLI,MML0776
82,20.02.2025,861657073576519,5754090184254,8991950912963793045U,Airtel,PINGING,MML BANGALORE,DIBBURAHALLI,MML0878
83,20.02.2025,861657073576089,5754090184253,8991950912963793044U,Airtel,PINGING,MML BANGALORE,NANDI CROSS,MML0879
84,20.02.2025,861657073576097,5754090184252,8991950912963793043U,Airtel,PINGING,MML BANGALORE,VEERANYAPALAYA,MML0775
85,20.02.2025,862211074189820,5754090184251,8991950912963793042U,Airtel,PINGING,MML BANGALORE,HORAMAVU AGRA,MML0773
86,20.02.2025,861657073576154,5754090184250,8991950912963793041U,Airtel,PINGING,MML BANGALORE,SULEBELE,MML0774
87,20.02.2025,862211074143405,5754090184249,8991950912963793040U,Airtel,PINGING,MML BANGALORE,KOGILU MAIN ROAD,MML0798
88,20.02.2025,862211074168501,5754090184246,8991950912963793037U,Airtel,PINGING,MML BANGALORE,MARALAVADAI,MML0799
89,20.02.2025,861657073574860,5754090184248,8991950912963793039U,Airtel,NOT PINGING/RETURNED TO MITS,MML BANGALORE,"JK CROSS CHICKABALAPUR,",MML0885
90,20.02.2025,861657073573243,5754090184247,8991950912963793038U,Airtel,PINGING,MML BANGALORE,KOTTAL DINEE,MML0884
91,20.02.2025,861657073557998,5754090184243,8991950912963793034U,Airtel,PINGING,MML BANGALORE,HINDUPUR-PARIGI ROAD,MML0938
92,20.02.2025,861657073585148,5754090184242,8991950912963793033U,Airtel,PINGING,MML BANGALORE,VOKELERI,MML0928
93,20.02.2025,861657073557170,5754090184241,8991950912963793032U,Airtel,PINGING,MML BANGALORE,TUMKUR GATE,MML0770
94,20.02.2025,861657073556982,5754090184239,8991950912963793030U,Airtel,PINGING,MML BANGALORE,GANGONADAHALLI,MML0926
95,20.02.2025,864180056095941,5754090184240,8991950912963793031U,Airtel,PINGING,MML VIJAYAWADA,MACHERLA,MML0936
96,20.02.2025,861657073576113,5754090184238,8991950912963793029U,Airtel,PINGING,MML BANGALORE,SEEGEHALLI KR PURAM,MML0927
97,20.02.2025,861657073562014,5754090184237,8991950912963793028U,Airtel,PINGING,MML BANGALORE,MUKANDAPALLI,MML0930
98,20.02.2025,861657073569753,5754090184245,8991950912963793036U,Airtel,PINGING,MML BANGALORE,CHILAMATHUR,MML0947
99,20.02.2025,861657073583234,5754090184236,8991950912963793027U,Airtel,PINGING,MML BANGALORE,RAMAPURA,MML0883
100,20.02.2025,861657072346229,5754090184235,8991950912963793026U,Airtel,PINGING,MML MANGALORE,AGRAGARA MYSORE,MML0657
101,24.02.2025,861657072374536,915755090643953,8991462160511039187,Vodafone (VI),PINGING,MML TIRUPATI,ANAGALLU,MML0659
102,24.02.2025,861657073574662,915755090643962,8991462160511039278,Vodafone (VI),PINGING,MML TIRUPATI,PENUMURU,MML0873
103,24.02.2025,861657073575081,915755090643950,8991462160511039153,Vodafone (VI),PINGING,MML TIRUPATI,NORTH RAJUPALEM,MML0831
104,24.02.2025,861657073582889,915755090643960,8991462160511039252,Vodafone (VI),PINGING,MML MANGALORE,GADDIGE,MML0794
105,24.02.2025,861657072355816,915755090643961,8991462160511039260,Vodafone (VI),PINGING,MML MANGALORE,MYSORE KOVEMPU NAGAR,MML0830
106,24.02.2025,861657073576816,915755090643951,8991462160511039161,Vodafone (VI),PINGING,MML MANGALORE,BESAGARAHALLI,MML0840
107,24.02.2025,861657072356897,915755090643955,8991462160511039203,Vodafone (VI),PINGING,MML MANGALORE,HD KOTE HAND POST,MML0714
108,24.02.2025,861657072377935,915755090643934,8991462160511038999,Vodafone (VI),PINGING,MML MANGALORE,SRIRAMPUR,MML0715
109,24.02.2025,861657072350577,915755090643927,8991462160511038924,Vodafone (VI),PINGING,MML MANGALORE,BOGADDI SECOND STAGE,MML0792
110,24.02.2025,861657073557949,915755090643928,8991462160511038932,Vodafone (VI),PINGING,MML MANGALORE,HOLENARASIPURAM,MML0673
111,24.02.2025,861657073585189,915755090643929,8991462160511038940,Vodafone (VI),PINGING,MML VIJAYAWADA,GUNTUR PONNURU,MML0935
112,24.02.2025,861657072355311,915755090643930,8991462160511038957,Vodafone (VI),PINGING,MML TIRUPATI,ROMPICHERLA,MML0939
113,24.02.2025,861657073573417,915755090643911,8991462160511038767,Vodafone (VI),PINGING,MML MANGALORE,NT SHIMOGA ROAD,MML0635
114,24.02.2025,861657073573367,915755090643914,8991462160511038791,Vodafone (VI),PINGING,MML KURNOOL,ANANTHAPURAM TAPOVANAM,MML0423
115,24.02.2025,861657073574639,915755090643924,8991462160511038890,Vodafone (VI),PINGING,MML MANGALORE,KADUR AFMC ROAD,MML0984
116,24.02.2025,861657072372332,915755090643925,8991462160511038908,Vodafone (VI),PINGING,MML MANGALORE,MADDUR MALLAVI,MML0887
117,24.02.2025,861657072371912,915755090643915,8991462160511038809,Vodafone (VI),PINGING,MML TIRUPATI,YERPEDU,MML0875
118,24.02.2025,861657073576105,915755090643923,8991462160511038882,Vodafone (VI),PINGING,MML MANGALORE,RAJ KUMAR ROAD,MML0717
119,24.02.2025,861657073574902,915755090643922,8991462160511038874,Vodafone (VI),PINGING,MML TIRUPATI,SYDAPURAM,MML0545
120,24.02.2025,861657073557543,915755090643920,8991462160511038858,Vodafone (VI),PINGING,MML TIRUPATI,YADAMARAI,MML0872
121,24.02.2025,861657073573268,915755090643918,8991462160511038833,Vodafone (VI),PINGING,MML TIRUPATI,KOTHURU,MML0876
122,24.02.2025,861657072337558,915755090643919,8991462160511038841,Vodafone (VI),PINGING,MML TIRUPATI,THAMBALAPALLI,MML0661
123,24.02.2025,861657073561933,915755090643913,8991462160511038783,Vodafone (VI),PINGING,MML TIRUPATI,LAKIREDDIPALLI,MML0836
124,24.02.2025,861657073572898,915755090643921,8991462160511038866,Vodafone (VI),PINGING,MML TIRUPATI,VEERABALLI,MML0656
125,24.02.2025,861657073569795,915755090643906,8991462160511038718,Vodafone (VI),PINGING,MML VIJAYAWADA,REDDIGUDEM,MML0562
126,24.02.2025,861657073576477,915755090643902,8991462160511038676,Vodafone (VI),PINGING,MML MANGALORE,RAMAKRISHNA NAGAR,MML0793
127,24.02.2025,861657073556883,915755090643912,8991462160511038775,Vodafone (VI),PINGING,MML TIRUPATI,CHINNAMANDEM,MML0660
128,24.02.2025,861657073556867,915755090643933,8991462160511038981,Vodafone (VI),PINGING,MML MANGALORE,HOOTAGALLI,MML0716
129,24.02.2025,861657073557915,915755090643916,8991462160511038817,Vodafone (VI),PINGING,MML KURNOOL,YENUGONDA,MML0795
130,24.02.2025,861657073557311,915755090643932,8991462160511038973,Vodafone (VI),PINGING,MML MANGALORE,CHICKMANAGALORE K M ROAD,MML0787
131,24.02.2025,861657072335404,915755090643931,8991462160511038965,Vodafone (VI),PINGING,MML MANGALORE,SHARAVANABALAKONDA,MML0666
132,24.02.2025,861657073573029,915755090643935,8991462160511039005,Vodafone (VI),PINGING,MML MANGALORE,VIJAYANAGAR 4TH -STAGE,MML0643
133,24.02.2025,861657072356483,915755090643885,8991462160511038502,Vodafone (VI),PINGING,MML TIRUPATI,IRALA,MML0920
134,24.02.2025,861657072375558,915755090643954,8991462160511039195,Vodafone (VI),PINGING,MML TIRUPATI,DORNALA,MML0877
135,24.02.2025,861657073557634,915755090643956,8991462160511039211,Vodafone (VI),PINGING,MML MANGALORE,SHIMOGAGADIKOPPA CIRCLE,MML0786
136,24.02.2025,861657073582798,915755090643959,8991462160511039245,Vodafone (VI),PINGING,MML MANGALORE,LINGADAHALLI MAIN ROAD TARIKIRE,MML0788
137,24.02.2025,861657073584422,915755090643957,8991462160511039229,Vodafone (VI),PINGING,MML MANGALORE,INDIRAGANDHI CIRCLE,MML0886
138,24.02.2025,861657073557824,915755090643958,8991462160511039237,Vodafone (VI),PINGING,MML MANGALORE,VIJAYANAGAR 3RD STAGE,MML0642
139,24.02.2025,861657073558657,915755090643952,8991462160511039179,Vodafone (VI),PINGING,MML MANGALORE,SALAIGRAMA,MML0672
140,24.02.2025,861657073573458,915755090643910,8991462160511038759,Vodafone (VI),PINGING,MML MANGALORE,UPPALLI CIRCLE,MML0789
141,24.02.2025,861657073573425,915755090643883,8991462160511038486,Vodafone (VI),PINGING,MML TIRUPATI,BRAHMAMGARIMATAM,MML0934
142,24.02.2025,861657073557097,915755090643888,8991462160511038536,Vodafone (VI),PINGING,MML TIRUPATI,VIRAPA NAYANI PALLE,MML0839
143,24.02.2025,861657073572914,915755090643887,8991462160511038528,Vodafone (VI),PINGING,MML MANGALORE,SUNTIGOPPA,MML0929
144,24.02.2025,861657073584984,915755090643936,8991462160511039013,Vodafone (VI),PINGING,MML TIRUPATI,PACHIKAPALAM,MML0837
145,24.02.2025,861657073584943,915755090643889,8991462160511038544,Vodafone (VI),PINGING,MML MANGALORE,AGRAGARA MYSORE,MML0657
146,24.02.2025,861657072356830,915755090643899,8991462160511038643,Vodafone (VI),PINGING,MML CHENNAI,ANANTHAPURAM,MML0552
147,24.02.2025,861657072330041,915755090643907,8991462160511038726,Vodafone (VI),PINGING,MML TIRUPATI,KALLUR,MML0874
148,24.02.2025,861657073574613,915755090643937,8991462160511039021,Vodafone (VI),PINGING,MML TIRUPATI,PULLAMPETA,MML0838
149,24.02.2025,861657073576782,915755090643917,8991462160511038825,Vodafone (VI),PINGING,MML TIRUPATI,VONTIMITTA,MML0658
150,24.02.2025,861657073574829,915755090643926,8991462160511038916,Vodafone (VI),PINGING,MML TIRUPATI,MADDIPADU,MML0835
151,24.02.2025,861657073569761,5754090184271,8991950912963793062U,Airtel,PINGING,MML CHENNAI,CHINNAPPEMPATTI,MML0662
152,24.02.2025,861657073585171,5754090184280,8991950912963793071U,Airtel,PINGING,MML MANGALORE,SALAIGRAMA,MML0672
153,24.02.2025,861657073573144,5754090184270,8991950912963793061U,Airtel,PINGING,MML MANGALORE,HOOTAGALLI,MML0716
154,24.02.2025,861657072344570,5754090184272,8991950912963793063U,Airtel,PINGING,MML MANGALORE,INDIRAGANDHI CIRCLE,MML0886
155,24.02.2025,861657073577053,5754090184275,8991950912963793066U,Airtel,PINGING,MML MANGALORE,NT SHIMOGA ROAD,MML0635
156,24.02.2025,861657073559952,5754090184273,8991950912963793064U,Airtel,PINGING,MML MANGALORE,LINGADAHALLI MAIN ROAD TARIKIRE,MML0788
157,24.02.2025,861657072356236,5754090184276,8991950912963793067U,Airtel,PINGING,MML MANGALORE,HD KOTE HAND POST,MML0714
158,24.02.2025,861657072355279,5754090184278,8991950912963793069U,Airtel,PINGING,MML MANGALORE,GADDIGE,MML0794
159,24.02.2025,861657073576543,5754090184277,8991950912963793068U,Airtel,PINGING,MML MANGALORE,BESAGARAHALLI,MML0840
160,24.02.2025,861657073573193,5754090184304,8991950912963793095U,Airtel,PINGING,MML TIRUPATI,BRAHMAMGARIMATAM,MML0934
161,24.02.2025,861657072355865,5754090184299,8991950912963793090U,Airtel,PINGING,MML TIRUPATI,ROMPICHERLA,MML0939
162,24.02.2025,861657073573227,5754090184306,8991950912963793097U,Airtel,PINGING,MML MANGALORE,SHARAVANABALAKONDA,MML0666
163,24.02.2025,861657073575412,5754090184293,8991950912963793084U,Airtel,PINGING,MML TIRUPATI,IRALA,MML0920
164,24.02.2025,861657072374189,5754090184297,8991950912963793088U,Airtel,PINGING,MML TIRUPATI,NORTH RAJUPALEM,MML0831
165,24.02.2025,861657073574605,5754090184294,8991950912963793085U,Airtel,PINGING,MML TIRUPATI,THAMBALAPALLI,MML0661
166,24.02.2025,861657073576501,5754090184292,8991950912963793083U,Airtel,PINGING,MML TIRUPATI,VIRAPA NAYANI PALLE,MML0839
167,24.02.2025,861657072356855,5754090184300,8991950912963793091U,Airtel,PINGING,MML MANGALORE,RIPPONPET,MML0559
168,24.02.2025,861657073573151,5754090184295,8991950912963793086U,Airtel,PINGING,MML TIRUPATI,PULLAMPETA,MML0838
169,24.02.2025,861657073556545,5754090184290,8991950912963793081U,Airtel,PINGING,MML TIRUPATI,DORNALA,MML0877
170,24.02.2025,861657072372274,5754090184298,8991950912963793089U,Airtel,PINGING,MML MANGALORE,KADUR AFMC ROAD,MML0984
171,24.02.2025,861657072377901,5754090184289,8991950912963793080U,Airtel,PINGING,MML CHENNAI,SEETHANJERI,MML0639
172,24.02.2025,861657072347516,5754090184283,8991950912963793074U,Airtel,PINGING,MML MANGALORE,CHICKMANAGALORE K M ROAD,MML0787
173,24.02.2025,861657073585122,5754090184305,8991950912963793096U,Airtel,PINGING,MML TIRUPATI,VONTIMITTA,MML0658
174,24.02.2025,861657073581352,5754090184279,8991950912963793070U,Airtel,PINGING,MML CHENNAI,ANANTHAPURAM,MML0552
175,24.02.2025,861657073557436,5754090184288,8991950912963793079U,Airtel,PINGING,MML MANGALORE,BOGADDI SECOND STAGE,MML0792
176,24.02.2025,861657072378214,5754090184287,8991950912963793078U,Airtel,PINGING,MML TIRUPATI,PACHIKAPALAM,MML0837
177,24.02.2025,861657073574688,5754090184291,8991950912963793082U,Airtel,PINGING,MML TIRUPATI,YERPEDU,MML0875
178,24.02.2025,861657073557980,5754090184302,8991950912963793093U,Airtel,PINGING,MML TIRUPATI,PENUMURU,MML0873
179,24.02.2025,861657073573201,5754090184301,8991950912963793092U,Airtel,PINGING,MML TIRUPATI,CHINNAMANDEM,MML0660
180,24.02.2025,861657073584174,5754090184282,8991950912963793073U,Airtel,PINGING,MML MANGALORE,SHIMOGA VIDYA NAGAR,MML0567
181,24.02.2025,861657072342392,5754090184303,8991950912963793094U,Airtel,PINGING,MML TIRUPATI,ANAGALLU,MML0659
182,24.02.2025,861657072378412,5754090184281,8991950912963793072U,Airtel,PINGING,MML MANGALORE,SUNTIGOPPA,MML0929
183,24.02.2025,861657073571825,5754090184285,8991950912963793076U,Airtel,PINGING,MML MANGALORE,RAMAKRISHNA NAGAR,MML0793
184,24.02.2025,861657073575859,5754090184286,8991950912963793077U,Airtel,PINGING,MML TIRUPATI,MADDIPADU,MML0835
185,24.02.2025,861657073569779,5754090184284,8991950912963793075U,Airtel,PINGING,MML CHENNAI,BODIPATTI,MML0558
186,24.02.2025,861657073574936,5754090184296,8991950912963793087U,Airtel,PINGING,MML TIRUPATI,KOTHURU,MML0876
187,24.02.2025,861657073562873,5754090184274,8991950912963793065U,Airtel,PINGING,MML MANGALORE,UPPALLI CIRCLE,MML0789
188,24.02.2025,861657073569837,5754090184317,8991950912963793108U,Airtel,PINGING,MML MANGALORE,SRIRAMPUR,MML0715
189,24.02.2025,861657073577061,5754090184307,8991950912963793098U,Airtel,PINGING,MML MANGALORE,VIJAYANAGAR 4TH -STAGE,MML0643
190,24.02.2025,861657072351773,5754090184311,8991950912963793102U,Airtel,PINGING,MML MANGALORE,MADDUR MALLAVI,MML0887
191,24.02.2025,861657072355873,5754090184308,8991950912963793099U,Airtel,PINGING,MML TIRUPATI,LAKIREDDIPALLI,MML0836
192,24.02.2025,861657073574621,5754090184314,8991950912963793105U,Airtel,PINGING,MML MANGALORE,SHIMOGAGADIKOPPA CIRCLE,MML0786
193,24.02.2025,861657073556966,5754090184313,8991950912963793104U,Airtel,PINGING,MML MANGALORE,HOLENARASIPURAM,MML0673
194,24.02.2025,861657073557527,5754090184318,8991950912963793109U,Airtel,PINGING,MML MANGALORE,MYSORE KOVEMPU NAGAR,MML0830
195,24.02.2025,861657073579026,5754090184319,8991950912963793110U,Airtel,PINGING,MML TIRUPATI,SYDAPURAM,MML0545
196,24.02.2025,861657073583556,5754090184310,8991950912963793101U,Airtel,PINGING,MML MANGALORE,RAJ KUMAR ROAD,MML0717
197,24.02.2025,861657073573441,5754090184316,8991950912963793107U,Airtel,PINGING,MML TIRUPATI,KALLUR,MML0874
198,24.02.2025,861657073579588,5754090184315,8991950912963793106U,Airtel,PINGING,MML MANGALORE,VIJAYANAGAR 3RD STAGE,MML0642
199,24.02.2025,861657073575016,5754090184312,8991950912963793103U,Airtel,PINGING,MML TIRUPATI,VEERABALLI,MML0656
200,24.02.2025,861657073575057,5754090184309,8991950912963793100U,Airtel,PINGING,MML TIRUPATI,YADAMARAI,MML0872
201,25-02-2025,861657073576717,915755090643970,8991462160511039351,Vodafone,PINGING,MML HYDERABAD,MORTHAD,MML0746
202,25-02-2025,861657073557709,915755090643968,8991462160511039336,Vodafone,PINGING,MML CHENNAI,BODIPATTI,MML0558
203,25-02-2025,861657073557287,915755090643969,8991462160511039344,Vodafone,PINGING,MML HYDERABAD,NARKETPALLY,MML0652
204,25-02-2025,861657072352409,915755090625617,8991462160511039658,Vodafone,PINGING,MML GULBURGA,SAIDAPUR,MML0626
205,25-02-2025,861657072353068,915755090643971,8991462160511039369,Vodafone,PINGING,MML VIJAYAWADA,TENALI CHENCHPETA,MML0564
206,25-02-2025,861657072332682,915755090643938,8991462160511039039,Vodafone (VI),PINGING,MML KURNOOL,ANANTHAPUR GOOTY ROAD,MML0888
207,25-02-2025,861657073557683,915755090643905,8991462160511038700,Vodafone,PINGING,MML VIJAYAWADA,NAGAYALAKA,MML0833
208,25-02-2025,861657073573482,915755090625614,8991462160511039625,Vodafone,PINGING,MML VISAKHAPATINAM,UPPADA,MML0631
209,25-02-2025,861657073569803,915755090625609,8991462160511039575,Vodafone,NOT PINGING/RETURNED TO MITS,,,
210,25-02-2025,861657073569845,915755090625624,8991462160511039724,Vodafone,PINGING,MML GULBURGA,SHAHAJANI AURAD,MML0970
211,25-02-2025,861657073572971,915755090625626,8991462160511039740,Vodafone,PINGING,MML CHENNAI,KALAMBUR,MML0669
212,25-02-2025,861657073576048,915755090627142,8991462160511039914,Vodafone,PINGING,MML GULBURGA,UMERGH,MML0974
213,25-02-2025,861657073577087,915755090627167,8991462160511040169,Vodafone,PINGING,MML CHENNAI,CHINNAPPEMPATTI,MML0662
214,25-02-2025,861657073561990,915755090625621,8991462160511039690,Vodafone,PINGING,MML HYDERABAD,MUSTABAD,MML0826
215,25-02-2025,861657072370252,915755090625623,8991462160511039716,Vodafone,PINGING,MML HYDERABAD,ELANTHAGUNTA,MML0797
216,25-02-2025,861657073576998,915755090643979,8991462160511039443,Vodafone,PINGING,MML VISAKHAPATINAM,ARAKU VALLEY,MML0648
217,25-02-2025,861657072370971,915755090625600,8991462160511039484,Vodafone,PINGING,MML CHENNAI,KINATHUKADAVU,MML0551
218,25-02-2025,861657073556875,915755090643978,8991462160511039435,Vodafone,PINGING,MML GULBURGA,MUDHOOL,MML0940
219,25-02-2025,861657073556909,915755090643977,8991462160511039427,Vodafone,PINGING,MML HYDERABAD,THURKAPALLY,MML0825
220,25-02-2025,861657073572708,915755090625608,8991462160511039567,Vodafone,PINGING,MML HYDERABAD,BOATH,MML0971
221,25-02-2025,861657073557618,915755090625613,8991462160511039617,Vodafone,PINGING,MML HYDERABAD,NAVIPET,MML0781
222,25-02-2025,861657073574241,915755090625612,8991462160511039609,Vodafone,PINGING,MML VISAKHAPATINAM,KAVITI,MML0937
223,25-02-2025,861657073577277,915755090625601,8991462160511039492,Vodafone,PINGING,MML HYDERABAD,MARRIGUNDA,MML0651
224,25-02-2025,861657073557667,915755090625605,8991462160511039534,Vodafone,PINGING,MML VISAKHAPATINAM,KAILASAPURAM,MML0537
225,25-02-2025,861657073557584,915755090625606,8991462160511039542,Vodafone,PINGING,MML VIJAYAWADA,CHILUKALURPET,MML0563
226,25-02-2025,861657072374270,915755090625602,8991462160511039500,Vodafone,PINGING,MML VIJAYAWADA,MACHERLA,MML0936
227,25-02-2025,861657073575586,915755090643982,8991462160511039476,Vodafone,PINGING,MML CHENNAI,VILLIVAKKAM.,MML0718
228,25-02-2025,861657073576766,915755090625603,8991462160511039518,Vodafone,PINGING,MML GULBURGA,JAFERABAD ROAD,MML0700
229,25-02-2025,861657073558665,915755090643972,8991462160511039377,Vodafone,PINGING,MML GULBURGA,SULEPET,MML0834
230,25-02-2025,861657073572575,915755090625615,8991462160511039633,Vodafone,PINGING,MML CHENNAI,THIRUPALAIVANAM,MML0640
231,25-02-2025,861657072333607,915755090625611,8991462160511039591,Vodafone,PINGING,MML HYDERABAD,YELDHURTY,MML0828
232,25-02-2025,861657073562956,915755090643967,8991462160511039328,Vodafone,PINGING,MML GULBURGA,NIDAGUNDI,MML0555
233,25-02-2025,861657073584810,915755090625616,8991462160511039641,Vodafone,PINGING,MML GULBURGA,DEVAR HIPPARGI,MML0554
234,25-02-2025,861657072371839,915755090643981,8991462160511039468,Vodafone,PINGING,MML HYDERABAD,BICHKONDA,MML0570
235,25-02-2025,861657072377869,915755090643966,8991462160511039310,Vodafone,PINGING,MML CHENNAI,ADHANUR,MML0721
236,25-02-2025,861657072370880,915755090643965,8991462160511039302,Vodafone,PINGING,MML VISAKHAPATINAM,PRATHAP NAGAR,MML0720
237,25-02-2025,861657072355253,915755090643963,8991462160511039286,Vodafone,PINGING,MML HYDERABAD,BALGONDA,MML0923
238,25-02-2025,861657073557402,915755090643975,8991462160511039401,Vodafone,PINGING,MML VISAKHAPATINAM,DEVARAPALLI,MML0891
239,25-02-2025,861657073562899,915755090643973,8991462160511039385,Vodafone,PINGING,MML HYDERABAD,ENDALWAI,MML0922
240,25-02-2025,861657073557303,915755090625620,8991462160511039682,Vodafone,PINGING,MML VISAKHAPATINAM,ETCHERLA,MML0892
241,25-02-2025,861657073583176,915755090625619,8991462160511039674,Vodafone,PINGING,MML CHENNAI,VEPPAMPATU,MML0641
242,25-02-2025,861657073559937,915755090625618,8991462160511039666,Vodafone,PINGING,MML HYDERABAD,BHIKNOOR,MML0829
243,25-02-2025,861657073572849,915755090643980,8991462160511039450,Vodafone,PINGING,MML CHENNAI,VENNUNDUR,MML0636
244,25-02-2025,861657073583127,915755090643974,8991462160511039393,Vodafone,PINGING,MML HYDERABAD,DOMAKONDA,MML0650
245,25-02-2025,861657073576956,915755090625610,8991462160511039583,Vodafone,PINGING,MML HYDERABAD,DICHPALLI,MML0921
246,25-02-2025,861657073576964,915755090643976,8991462160511039419,Vodafone,PINGING,MML GULBURGA,NALDURGH,MML0941
247,25-02-2025,861657073577251,915755090625604,8991462160511039526,Vodafone,PINGING,MML VIJAYAWADA,SATTENAPALLI,MML0827
248,25-02-2025,861657072371482,915755090625607,8991462160511039559,Vodafone,PINGING,MML CHENNAI,SEETHANJERI,MML0639
249,25-02-2025,861657073572609,915755090625625,8991462160511039732,Vodafone,PINGING,MML VISAKHAPATINAM,INDRAPALEM,MML0719
250,25-02-2025,861657072362598,915755090625622,8991462160511039708,Vodafone,PINGING,MML HYDERABAD,KUBEER,MML0790
251,25-02-2025,861657072351625,5754090184328,8991950912963793119U,AIRTEL,PINGING,MML HYDERABAD,MUSTABAD,MML0826
252,25-02-2025,861657073557964,5754090184327,8991950912963793118U,AIRTEL,PINGING,MML GULBURGA,NALDURGH,MML0941
253,25-02-2025,861657072330801,5754090184333,8991950912963793124U,AIRTEL,PINGING,MML GULBURGA,MUDHOL,MML0940
254,25-02-2025,861657072354975,5754090184329,8991950912963793120U,AIRTEL,PINGING,MML GULBURGA,JAFFERABAD ROAD,MML0700
255,25-02-2025,861657072374023,5754090184332,8991950912963793123U,AIRTEL,PINGING,MML VISAKHAPATINAM,DEVARAPALLI,MML0891
256,25-02-2025,861657073573631,5754090184330,8991950912963793121U,AIRTEL,PINGING,MML KURNOOL,YENUGONDA,MML0795
257,25-02-2025,861657073557329,5754090184331,8991950912963793122U,AIRTEL,PINGING,MML VISAKHAPATINAM,KAVITI,MML0937
258,25-02-2025,861657072357374,5754090184334,8991950912963793125U,AIRTEL,PINGING,MML VISAKHAPATINAM,ARAKU VALLEY,MML0648
259,25-02-2025,861657073572633,5754090184335,8991950912963793126U,AIRTEL,PINGING,MML VIJAYAWADA,GUNTUR PONNURU,MML0935
260,25-02-2025,861657073557196,5754090184336,8991950912963793127U,AIRTEL,PINGING,MML KURNOOL,ANANTHAPURAM TAPOVANAM,MML0423
261,25-02-2025,861657073557535,5754090184337,8991950912963793128U,AIRTEL,PINGING,MML GULBURGA,SHAHAJANI AURAD,MML0970
262,25-02-2025,861657073576592,5754090184339,8991950912963793130U,AIRTEL,PINGING,MML HYDERABAD,DICHPALLI,MML0921
263,25-02-2025,861657073577285,5754090184341,8991950912963793132U,AIRTEL,PINGING,MML GULBURGA,NIDAGUNDI,MML0555
264,25-02-2025,861657073572716,5754090184342,8991950912963793133U,AIRTEL,PINGING,MML VISAKHAPATINAM,INDRAPALEM,MML0719
265,25-02-2025,861657073577384,5754090184340,8991950912963793131U,AIRTEL,PINGING,MML GULBURGA,SAIDAPUR,MML0626
266,25-02-2025,861657073557246,5754090184338,8991950912963793129U,AIRTEL,PINGING,MML HYDERABAD,ELANTHAGUNTA,MML0797
267,25-02-2025,861657072339323,5754090184384,8991950912963793175U,AIRTEL,PINGING,MML HYDERABAD,MORTHAD,MML0746
268,25-02-2025,861657072357341,5754090184385,8991950912963793176U,AIRTEL,PINGING,MML HYDERABAD,BICHKONDA,MML0570
269,25-02-2025,861657073572799,5754090184386,8991950912963793177U,AIRTEL,PINGING,MML HYDERABAD,NAVIPET,MML0781
270,25-02-2025,861657073559887,5754090184344,8991950912963793135U,AIRTEL,PINGING,MML KURNOOL,ANANTHAPUR GOOTY ROAD,MML0888
271,25-02-2025,861657073575602,5754090184343,8991950912963793134U,AIRTEL,PINGING,MML VISAKHAPATINAM,PRATHAP NAGAR,MML0720
272,25-02-2025,861657073558889,5754090184326,8991950912963793117U,AIRTEL,PINGING,MML VISAKHAPATINAM,ETCHERLA,MML0892
273,25-02-2025,861657073575024,5754090184323,8991950912963793114U,AIRTEL,PINGING,MML VIJAYAWADA,SATTENAPALLI,MML0827
274,25-02-2025,861657073557147,5754090184322,8991950912963793113U,AIRTEL,PINGING,MML GULBURGA,SULEPET,MML0834
275,25-02-2025,861657073575628,5754090184324,8991950912963793115U,AIRTEL,NOT PINGING/RETURNED TO MITS,MML VIJAYAWADA,NAGAYALAKA,MML0833
276,25-02-2025,861657073557717,5754090184325,8991950912963793116U,AIRTEL,PINGING,MML GULBURGA,DEVAR HIPPARGI,MML0554
277,25-02-2025,861657073557220,5754090184381,8991950912963793172U,AIRTEL,PINGING,MML VIJAYAWADA,TENALI CHENCHPETA,MML0564
278,25-02-2025,861657073557352,5754090184380,8991950912963793171U,AIRTEL,PINGING,MML HYDERABAD,KUBEER,MML0790
279,25-02-2025,861657073557139,5754090184382,8991950912963793173U,AIRTEL,PINGING,MML CHENNAI,THIRUPALAIVANAM,MML0640
280,25-02-2025,861657073557022,5754090184383,8991950912963793174U,AIRTEL,PINGING,MML CHENNAI,VENNUNDUR,MML0636
281,25-02-2025,861657073557592,5754090184390,8991950912963793181U,AIRTEL,NOT PINGING/RETURNED TO MITS,MML CHENNAI,KALAMBUR,MML0669
282,25-02-2025,861657073575495,5754090184388,8991950912963793179U,AIRTEL,PINGING,MML HYDERABAD,MARRIGUNDA,MML0651
283,25-02-2025,861657072355121,5754090184389,8991950912963793180U,AIRTEL,PINGING,MML VISAKHAPATINAM,UPPADA,MML0631
284,25-02-2025,861657073576162,5754090184379,8991950912963793170U,AIRTEL,PINGING,MML HYDERABAD,YELDHURTY,MML0828
285,25-02-2025,861657073559820,5754090184387,8991950912963793178U,AIRTEL,PINGING,MML HYDERABAD,NARKETPALLY,MML0652
286,25-02-2025,861657072358802,5754090184393,8991950912963793184U,AIRTEL,PINGING,MML VIJAYAWADA,CHILUKALURPET,MML0563
287,25-02-2025,861657073573102,5754090184394,8991950912963793185U,AIRTEL,PINGING,MML HYDERABAD,THURKAPALLY,MML0825
288,25-02-2025,861657073576576,5754090184392,8991950912963793183U,AIRTEL,PINGING,MML VISAKHAPATINAM,KAILASAPURAM,MML0537
289,25-02-2025,861657073572922,5754090184395,8991950912963793186U,AIRTEL,PINGING,MML CHENNAI,VEPPAMPATU,MML0641
290,25-02-2025,861657073575321,5754090184391,8991950912963793182U,AIRTEL,PINGING,MML CHENNAI,KINATHUKADAVU,MML0551
291,25-02-2025,861657073557253,5754090184374,8991950912963793165U,AIRTEL,PINGING,MML HYDERABAD,BALGONDA,MML0923
292,25-02-2025,861657073576675,5754090184375,8991950912963793166U,AIRTEL,PINGING,MML GULBURGA,UMERGH,MML0974
293,25-02-2025,861657072378149,5754090184376,8991950912963793167U,AIRTEL,PINGING,MML HYDERABAD,BOATH,MML0971
294,25-02-2025,861657073561941,5754090184378,8991950912963793169U,AIRTEL,PINGING,MML HYDERABAD,ENDALWAI,MML0922
295,25-02-2025,861657073573383,5754090184377,8991950912963793168U,AIRTEL,PINGING,MML VIJAYAWADA,REDDIGUDEM,MML0562
296,25-02-2025,861657073575925,5754090184371,8991950912963793162U,AIRTEL,PINGING,MML HYDERABAD,DOMAKONDA,MML0650
297,25-02-2025,861657073557212,5754090184373,8991950912963793164U,AIRTEL,PINGING,MML CHENNAI,VILLIVAKKAM.,MML0718
298,25-02-2025,861657073559929,5754090184372,8991950912963793163U,AIRTEL,PINGING,MML CHENNAI,ADHANUR,MML0721
299,25-02-2025,861657072355980,5754090184370,8991950912963793161U,AIRTEL,PINGING,MML HYDERABAD,BHIKNOOR,MML0829
300,25-02-2025,861657073557006,5754090184321,8991950912963793112U,AIRTEL,PINGING,HO EKM,LENOSH,IT SURVEILLANCE
301,01-03-2025,861657073556990,915755090627134,8991462160511039831,VODAFONE,PINGING,MML KURNOOL,PANYAM,MML0637
302,03-02-2025,861657072355436,915755090627144,8991462160511039930,VODAFONE,PINGING,MML KURNOOL,YADIGI,MML0646
303,03-02-2025,861657073575370,915755090627133,8991462160511039823,VODAFONE,PINGING,MML KURNOOL,OWK,MML0638
304,03-02-2025,861657072373140,915755090627152,8991462160511040011,VODAFONE,PINGING,MML KURNOOL,NANDYAL CHECK POST,MML0644
305,03-02-2025,861657072378388,915755090627153,8991462160511040029,VODAFONE,PINGING,MML KURNOOL,PUTAPARTHI,MML0653
306,03-02-2025,861657072374171,915755090627141,8991462160511039906,VODAFONE,PINGING,MML KURNOOL,ANANTHPUR DURGAM KALYAN ROAD,MML0655
307,03-02-2025,861657072333839,915755090627151,8991462160511040003,VODAFONE,PINGING,MML KURNOOL,WANAPARTHY SRINIVASA NAGAR.,MML0645
308,03-03-2025,861657072378081,,9757,VODAFONE,,,,
309,03-03-2025,861657073557188,915755090627128,8991462160511039773,VODAFONE,PINGING,MML MADURAI,KORADACHERI,MML0713
310,03-03-2025,861657073575404,,,VODAFONE,,,,
311,03-03-2025,861657073577111,915755090627137,8991462160511039864,VODAFONE,PINGING,MML KURNOOL,VAJRAKARUR,MML0654
312,03-03-2025,861657072373777,915755090627148,8991462160511039971,VODAFONE,PINGING,MML KURNOOL,ATMAKUR ANANTHAPUR,MML0769
313,03-03-2025,861657073576444,915755090627147,8991462160511039963,VODAFONE,PINGING,MML KURNOOL,GADWAL-AGRAGAM ROAD,MML0771
314,03-03-2025,861657073575420,915755090627149,8991462160511039989,VODAFONE,PINGING,MML KURNOOL,NANDIYAL NONE PALLI ROAD,MML0889
315,03-03-2025,861657073561743,915755090627150,8991462160511039997,VODAFONE,PINGING,MML KURNOOL,ADDAKKAL,MML0796
316,03-03-2025,861657072377810,915755090627140,8991462160511039898,VODAFONE,PINGING,MML KURNOOL,PEDAKOTHAPALLI,MML0890
317,03-03-2025,861657073568490,,1274,VODAFONE,,,,
318,27-03-2025,861657072355592,915755090627130,8991462160511039799,VODAFONE,PINGING,MML KURNOOL,GUDUR,MML0931
319,27-03-2025,861657073574316,915755090627139,8991462160511039880,VODAFONE,PINGING,MML KURNOOL,DHONE - NEW BUS STAND ROAD,MML0932
320,27-03-2025,861657073576527,915755090627138,8991462160511039872,VODAFONE,PINGING,MML KURNOOL,MADHURNAGAR,MML0772
321,27-03-2025,861657073562840,915755090627156,8991462160511040052,VODAFONE,PINGING,MML MADURAI,GUNTUR,MML0544
322,27-03-2025,861657073562063,915755090625627,8991462160511039757,VODAFONE,PINGING,MML MADURAI,ERIYODU,MML0556
323,27-03-2025,861657073583143,915755090627136,8991462160511039856,VODAFONE,PINGING,MML MADURAI,NATARSANKOTTAI,MML0634
324,27-03-2025,861657072374437,915755090627146,8991462160511039955,VODAFONE,PINGING,MML MADURAI,THIRUVATHAVUR,MML0568
325,27-03-2025,861657073558897,915755090627135,8991462160511039849,VODAFONE,PINGING,MML MADURAI,PALLAPATTI,MML0569
326,27-03-2025,861657073575438,915755090627154,8991462160511040037,VODAFONE,PINGING,MML MADURAI,REGHUNATHAPURAM,MML0557
327,27-03-2025,861657073562915,915755090627155,8991462160511040045,VODAFONE,PINGING,MML MADURAI,MALLI,MML0624
328,04-08-2025,861657072374254,,1092,VODAFONE,,,,
329,04-08-2025,861657073557048,,,VODAFONE,,,,
330,04-08-2025,861657073576733,,1100,VODAFONE,,,,
331,04-08-2025,861657073572989,,1118,VODAFONE,,,,
332,04-08-2025,861657073573250,,1076,VODAFONE,,,,
333,08-04-2025,861657073573003,,1043,VODAFONE,,,,
334,08-04-2025,861657072355360,,1035,VODAFONE,,,,
335,08-04-2025,861657073568243,,1001,VODAFONE,,,,
336,08-04-2025,861657072371763,,1134,VODAFONE,,,,
337,08-04-2025,861657073575842,,1159,VODAFONE,,,,
338,08-04-2025,861657072378206,,1167,VODAFONE,,,,
339,08-04-2025,861657073572997,,1050,VODAFONE,,,,
340,08-04-2025,861657073575990,,995,VODAFONE,,,,
341,08-04-2025,861657073557360,,,,,,,
342,08-04-2025,861657073559960,,,,,,,
343,08-04-2025,861657073569811,,,,,,,
344,08-04-2025,861657073576824,,,,,,,
345,08-04-2025,861657073576881,,,,,,,
346,08-04-2025,861657073576600,,,,,,,
347,08-04-2025,861657073577129,,,,,,,
348,08-04-2025,861657073556669,,,,,,,
349,08-04-2025,861657073575297,,,,,,,
350,08-04-2025,861657073557410,,,,,,,
351,03-02-2025,861657073576634,5754090184494,8991950912963793285U,AIRTEL,PINGING,MML KURNOOL,PANYAM,MML0637
352,03-02-2025,861657072371730,5754090184493,8991950912963793284U,AIRTEL,PINGING,MML KURNOOL,YADIGI,MML0646
353,03-02-2025,861657072378370,5754090184492,8991950912963793283U,AIRTEL,PINGING,MML KURNOOL,OWK,MML0638
354,03-02-2025,861657072378503,5754090184491,8991950912963793282U,AIRTEL,PINGING,MML KURNOOL,NANDYAL CHECK POST,MML0644
355,03-03-2025,861657073575040,5754090184486,8991950912963793277U,AIRTEL,PINGING,MML KURNOOL,PUTAPARTHI,MML0653
356,03-03-2025,861657073557295,5754090184485,8991950912963793276U,AIRTEL,PINGING,MML KURNOOL,ANANTHPUR DURGAM KALYAN ROAD,MML0655
357,03-03-2025,861657073576063,5754090184483,8991950912963793274U,AIRTEL,PINGING,MML KURNOOL,WANAPARTHY SRINIVASA NAGAR.,MML0645
358,03-03-2025,861657073562832,5754090184487,8991950912963793278U,AIRTEL,PINGING,MML KURNOOL,VAJRAKARUR,MML0654
359,03-03-2025,861657073575941,5754090184490,8991950912963793281U,AIRTEL,PINGING,MML KURNOOL,ATMAKUR ANANTHAPUR,MML0769
360,03-03-2025,861657072346971,5754090184488,8991950912963793279U,AIRTEL,PINGING,MML KURNOOL,GADWAL-AGRAGAM ROAD,MML0771
361,03-03-2025,861657072373108,5754090184489,8991950912963793280U,AIRTEL,PINGING,MML KURNOOL,NANDIYAL NONE PALLI ROAD,MML0889
362,03-03-2025,861657073558012,5754090184479,8991950912963793270U,AIRTEL,PINGING,MML KURNOOL,ADDAKKAL,MML0796
363,03-03-2025,861657073557345,5754090184480,8991950912963793271U,AIRTEL,PINGING,MML KURNOOL,PEDAKOTHAPALLI,MML0890
364,03-03-2025,861657073576725,5754090184481,8991950912963793272U,AIRTEL,PINGING,MML KURNOOL,GUDUR,MML0931
365,03-03-2025,861657072362648,5754090184482,8991950912963793273U,AIRTEL,PINGING,MML KURNOOL,DHONE - NEW BUS STAND ROAD,MML0932
366,03-03-2025,861657073575156,5754090184497,8991950912963793288U,AIRTEL,PINGING,MML KURNOOL,MADHURNAGAR,MML0772
367,03-03-2025,861657073576014,5754090184496,8991950912963793287U,AIRTEL,PINGING,MML MADURAI,GUNTUR,MML0544
368,03-03-2025,861657073557089,5754090184498,8991950912963793289U,AIRTEL,PINGING,MML MADURAI,ERIYODU,MML0556
369,03-03-2025,861657073557121,5754090184470,8991950912963793261U,AIRTEL,PINGING,MML MADURAI,NATARSANKOTTAI,MML0634
370,03-03-2025,861657072371086,5754090184472,8991950912963793263U,AIRTEL,PINGING,MML MADURAI,THIRUVATHAVUR,MML0568
371,03-03-2025,861657073576147,5754090184473,8991950912963793264U,AIRTEL,PINGING,MML MADURAI,PALLAPATTI,MML0569
372,03-03-2025,861657073576006,5754090184471,8991950912963793262U,AIRTEL,PINGING,MML MADURAI,REGHUNATHAPURAM,MML0557
373,03-03-2025,861657073575313,5754090184495,8991950912963793286U,AIRTEL,PINGING,MML MADURAI,MALLI,MML0624
374,03-03-2025,861657073576667,5754090184499,8991950912963793290U,AIRTEL,PINGING,MML MADURAI,KORADACHERI,MML0713
375,03-03-2025,861657073577103,5754090184500,8991950912963793291U,AIRTEL,,,,
376,03-03-2025,861657072332831,5754090184501,8991950912963793292U,AIRTEL,,,,
377,03-03-2025,861657073576568,5754090184505,8991950912963793296U,AIRTEL,,,,
378,27-03-2025,861657073556826,5754090184510,8991950912963793301U,AIRTEL,,,,
379,27-03-2025,862211074186461,5754090184509,8991950912963793300U,AIRTEL,,,,
380,27-03-2025,861657073575743,5754090184507,8991950912963793298U,AIRTEL,,,,
381,27-03-2025,861657073583150,5754090184508,8991950912963793299U,AIRTEL,,,,
382,27-03-2025,861657073583101,5754090184513,8991950912963793304U,AIRTEL,,,,
383,27-03-2025,861657073573300,5754090184514,8991950912963793305U,AIRTEL,,,,
384,27-03-2025,861657073575636,5754090184512,8991950912963793303U,AIRTEL,,,,
385,27-03-2025,861657073557881,5754090184511,8991950912963793302U,AIRTEL,,,,
386,27-03-2025,861657073573706,5754090184515,8991950912963793306U,AIRTEL,,,,
387,27-03-2025,861657073576899,5754090184516,8991950912963793307U,AIRTEL,,,,
388,27-03-2025,861657073576618,5754090184519,8991950912963793310U,AIRTEL,,,,
389,27-03-2025,861657073576949,5754090184518,8991950912963793309U,AIRTEL,,,,
390,27-03-2025,861657073574670,5754090184517,8991950912963793308U,AIRTEL,,,,
391,27-03-2025,861657072355584,5754090184506,8991950912963793297U,AIRTEL,,,,
392,08-04-2025,861657073569787,5754090184478,8991950912963793269U,AIRTEL,,,,
393,08-04-2025,861657073558749,5754090184477,8991950912963793268U,AIRTEL,,,,
394,08-04-2025,861657073576451,5754090184484,8991950912963793275U,AIRTEL,,,,
395,08-04-2025,861657073558715,5754090184474,8991950912963793265U,AIRTEL,,,,
396,08-04-2025,861657073576170,5754090184475,8991950912963793266U,AIRTEL,,,,
397,08-04-2025,862211074187733,5754090184476,8991950912963793267U,AIRTEL,,,,
398,08-04-2025,861657072372787,5754090184503,8991950912963793294U,AIRTEL,,,,
399,08-04-2025,861657073558632,5754090184502,8991950912963793293U,AIRTEL,,,,
400,08-04-2025,861657073576550,5754090184504,8991950912963793295U,AIRTEL,,,,